product_code,product_name,vendor,product_type,category,accessoryType,paymentType,description,standard_cost,standard_rep_price,new_cost,new_rep_price,upgrade_cost,upgrade_rep_price,is_active,available_for_all,sales_rep_credit,funding,lease
SW-DMS-001,Document Management Suite,,Application,Document Management,Software License,Monthly,Advanced document workflow and management solution,150,299,120,249,100,199,TRUE,TRUE,TRUE,TRUE,FALSE
SW-PRT-002,Print Management Pro,,License,Print Management,Add-on Module,Annual,Comprehensive print monitoring and cost control,200,399,180,349,150,299,TRUE,TRUE,TRUE,TRUE,TRUE
SW-UNI-003,UniFlow License,,License,UniFlow,Software License,Perpetual,UniFlow document workflow solution,500,999,450,899,400,799,TRUE,FALSE,TRUE,TRUE,FALSE
SW-PCU-004,Papercut MF,,Application,Papercut,Cloud Subscription,Monthly,Print management and cost recovery solution,100,199,80,159,60,119,TRUE,TRUE,TRUE,TRUE,FALSE
SW-PLG-005,PrinterLogic Suite,,License,PrinterLogic,Software License,Annual,Enterprise printer management solution,300,599,250,499,200,399,TRUE,FALSE,TRUE,TRUE,TRUE
SW-SEC-006,Security Scanner Pro,,Application,Security Software,Support Package,Monthly,Document security and compliance scanning,75,149,60,119,50,99,TRUE,TRUE,TRUE,FALSE,FALSE
SW-WFL-007,Workflow Automation,,Plugin,Workflow Automation,Add-on Module,Annual,Automated document processing workflows,250,499,200,399,175,349,TRUE,TRUE,TRUE,TRUE,FALSE
SW-CLD-008,Cloud Sync Service,,Cloud Service,Cloud Solutions,Cloud Subscription,Monthly,Multi-device cloud synchronization service,50,99,40,79,30,59,TRUE,TRUE,FALSE,TRUE,FALSE
6757C017AA,Cloud Connector for Email - (5 Year Term),Canon,Application,Document Management,Software License,Annual,,$600.00 ,,$240.00 ,$271.20 ,$240.00 ,$271.20 ,,,,,
6757C018AA,Cloud Connector for Box - (5 Year Term),Canon,Application,Document Management,Software License,Annual,,$600.00 ,,$240.00 ,$271.20 ,$240.00 ,$271.20 ,,,,,
6757C019AA,Cloud Connector for Dropbox - (5 Year Term),Canon,Application,Document Management,Software License,Annual,,$600.00 ,,$240.00 ,$271.20 ,$240.00 ,$271.20 ,,,,,
6757C020AA,Cloud Connector for Google Drive - (5 Year Term),Canon,Application,Document Management,Software License,Annual,,$600.00 ,,$240.00 ,$271.20 ,$240.00 ,$271.20 ,,,,,
6757C021AA,Cloud Connector for Microsoft Teams - (5 Year Term),Canon,Application,Document Management,Software License,Annual,,$600.00 ,,$240.00 ,$271.20 ,$240.00 ,$271.20 ,,,,,
6757C022AA,Cloud Connector for OneDrive - (5 Year Term),Canon,Application,Document Management,Software License,Annual,,$600.00 ,,$240.00 ,$271.20 ,$240.00 ,$271.20 ,,,,,
6757C023AA,Cloud Connector for OneDrive for Business - (5 Year Term),Canon,Application,Document Management,Software License,Annual,,$600.00 ,,$240.00 ,$271.20 ,$240.00 ,$271.20 ,,,,,
6757C024AA,Cloud Connector for SharePoint Online - (5 Year Term),Canon,Application,Document Management,Software License,Annual,,$600.00 ,,$240.00 ,$271.20 ,$240.00 ,$271.20 ,,,,,
6757C009AA,Cloud Connector for Email - (3 Year Term),Canon,Application,Document Management,Software License,Annual,,$400.00 ,,$150.00 ,$169.50 ,$150.00 ,$169.50 ,,,,,
6757C010AA,Cloud Connector for Box - (3 Year Term),Canon,Application,Document Management,Software License,Annual,,$400.00 ,,$150.00 ,$169.50 ,$150.00 ,$169.50 ,,,,,
6757C011AA,Cloud Connector for Dropbox - (3 Year Term),Canon,Application,Document Management,Software License,Annual,,$400.00 ,,$150.00 ,$169.50 ,$150.00 ,$169.50 ,,,,,
6757C012AA,Cloud Connector for Google Drive - (3 Year Term),Canon,Application,Document Management,Software License,Annual,,$400.00 ,,$150.00 ,$169.50 ,$150.00 ,$169.50 ,,,,,
6757C013AA,Cloud Connector for Microsoft Teams - (3 Year Term),Canon,Application,Document Management,Software License,Annual,,$400.00 ,,$150.00 ,$169.50 ,$150.00 ,$169.50 ,,,,,
6757C014AA,Cloud Connector for OneDrive - (3 Year Term),Canon,Application,Document Management,Software License,Annual,,$400.00 ,,$150.00 ,$169.50 ,$150.00 ,$169.50 ,,,,,
6757C015AA,Cloud Connector for OneDrive for Business - (3 Year Term),Canon,Application,Document Management,Software License,Annual,,$400.00 ,,$150.00 ,$169.50 ,$150.00 ,$169.50 ,,,,,
6757C016AA,Cloud Connector for SharePoint Online - (3 Year Term),Canon,Application,Document Management,Software License,Annual,,$400.00 ,,$150.00 ,$169.50 ,$150.00 ,$169.50 ,,,,,
6757C001AA,Cloud Connector for Email - (1 Year NFR),Canon,Application,Document Management,Software License,Annual,,$45.00 ,,$30.00 ,$33.90 ,$30.00 ,$33.90 ,,,,,
6757C002AA,Cloud Connector for Box - (1 Year NFR),Canon,Application,Document Management,Software License,Annual,,$45.00 ,,$30.00 ,$33.90 ,$30.00 ,$33.90 ,,,,,
6757C003AA,Cloud Connector for Dropbox - (1 Year NFR),Canon,Application,Document Management,Software License,Annual,,$45.00 ,,$30.00 ,$33.90 ,$30.00 ,$33.90 ,,,,,
6757C004AA,Cloud Connector for Google Drive - (1 Year NFR),Canon,Application,Document Management,Software License,Annual,,$45.00 ,,$30.00 ,$33.90 ,$30.00 ,$33.90 ,,,,,
6757C005AA,Cloud Connector for Microsoft Teams - (1 Year NFR),Canon,Application,Document Management,Software License,Annual,,$45.00 ,,$30.00 ,$33.90 ,$30.00 ,$33.90 ,,,,,
6757C006AA,Cloud Connector for OneDrive - (1 Year NFR),Canon,Application,Document Management,Software License,Annual,,$45.00 ,,$30.00 ,$33.90 ,$30.00 ,$33.90 ,,,,,
6757C007AA,Cloud Connector for OneDrive for Business - (1 Year NFR),Canon,Application,Document Management,Software License,Annual,,$45.00 ,,$30.00 ,$33.90 ,$30.00 ,$33.90 ,,,,,
6757C008AA,Cloud Connector for SharePoint Online - (1 Year NFR),Canon,Application,Document Management,Software License,Annual,,$45.00 ,,$30.00 ,$33.90 ,$30.00 ,$33.90 ,,,,,
4224C062AA,Authorized Send V7.X (1 License) e-LAN,Canon,Application,Security Software,Software License,Perpetual,,"$1,100.00 ",,$600.00 ,$678.00 ,$600.00 ,$678.00 ,,,,,
4224C063AA,Authorized Send V7.X (10 License) e-LAN,Canon,Application,Security Software,Software License,Perpetual,,"$10,500.00 ",,"$5,700.00 ","$6,441.00 ","$5,700.00 ","$6,441.00 ",,,,,
4224C064AA,Authorized Send V7.X (100 License) e-LAN,Canon,Application,Security Software,Software License,Perpetual,,"$105,000.00 ",,"$57,000.00 ","$64,410.00 ","$57,000.00 ","$64,410.00 ",,,,,
4224C065AA,Authorized Send V7.X NFR (1 License) e-LAN,Canon,Application,Security Software,Software License,Perpetual,,$30.00 ,,$20.00 ,$22.60 ,$20.00 ,$22.60 ,,,,,
4224C066AA,Authorized Send To Fax V7.X (1 License) e-LAN,Canon,Application,Security Software,Software License,Perpetual,,$390.00 ,,$260.00 ,$293.80 ,$260.00 ,$293.80 ,,,,,
4224C015AA,Authorized Send V7.X Add-on Option  (1 License) e-LAN,Canon,Application,Security Software,Software License,Perpetual,,$735.00 ,,$490.00 ,$553.70 ,$490.00 ,$553.70 ,,,,,
4224C016AA,Authorized Send V7.X Worldox Add-on Option  (1 License) e-LAN,Canon,Application,Security Software,Software License,Perpetual,,$225.00 ,,$150.00 ,$169.50 ,$150.00 ,$169.50 ,,,,,
4224C017AA,Authorized Send V7.X Bar Code Recognition Add-on Option  (1 License) e-LAN,Canon,Application,Security Software,Software License,Perpetual,,$225.00 ,,$150.00 ,$169.50 ,$150.00 ,$169.50 ,,,,,
4224C018AA,Authorized Send V7.X Fax Server Add-on Option (1 License) e-LAN,Canon,Application,Security Software,Software License,Perpetual,,$225.00 ,,$150.00 ,$169.50 ,$150.00 ,$169.50 ,,,,,
4224C121AA,MFP Voice Assist,Canon,Application,Application,Software License,Perpetual,,$500,,$260,$294,$260,$294,,,,,
4164BT59AA,AA-PRINT MFP V1.5 Gen3,Canon,Application,Security Software,Software License,Perpetual,,$720,,$320,$362,$320,$362,,,,,
4164BT60AA,AA-PRINT MFP V1.5 1L Gen3 NFR,Canon,Application,Security Software,Software License,Perpetual,,N/A,,$0,$0,$0,$0,,,,,
4224C181AA,MEAP Web Kit V1.1,Canon,Application,Application,Software License,Perpetual,,$0,,$0,$0,$0,$0,,,,,
4223C001AA,Object Generator (for AS400 printing) License with 3 year Maintenance,Canon,Application,Application,Software License,Annual,,"$6,000",,"$3,000","$3,390","$3,000","$3,390",,,,,
4223C002AA,Object Generator Additional 1 year Maintenance,Canon,Application,Application,Software License,Annual,,"$1,000",,$500,$565,$500,$565,,,,,
PPCLM2C,"PaperCut MFD Emb, Canon, License Migration",ACDI,Application,PaperCut,Software License,Monthly,,$190.80 ,,$127.20 ,$143.74 ,$127.20 ,$143.74 ,,,,,
AC-PCMFE-Canon,"SMB Bundle, per Canon device (Up to 5 Devices) - 1 Year",ACDI,Application,PaperCut,Software License,Monthly,,$591.60 ,,$394.40 ,$445.67 ,$394.40 ,$445.67 ,,,,,
AC-PCMFC-Lxmk,"SMB Bundle, per Lexmark device",ACDI,Application,PaperCut,Software License,Monthly,,$591.60 ,,$394.40 ,$445.67 ,$394.40 ,$445.67 ,,,,,
AC-PCMFE-KYOC,"SMB Bundle, per Kyocera device",ACDI,Application,PaperCut,Software License,Monthly,,$591.60 ,,$394.40 ,$445.67 ,$394.40 ,$445.67 ,,,,,
AC-PCMFE-Canon,"PaperCut MFD Emb, Canon, Comm, 1-9, per device",ACDI,Application,PaperCut,Software License,Monthly,,$591.60 ,,$394.40 ,$445.67 ,$394.40 ,$445.67 ,,,,,
AC-PCMFE-Canon,"PaperCut MFD Emb, Canon, Comm, 10-24, per device",ACDI,Application,PaperCut,Software License,Monthly,,$591.60 ,,$394.40 ,$445.67 ,$394.40 ,$445.67 ,,,,,
AC-PCMFE-Canon,"PaperCut MFD Emb, Canon, Comm, 25-49, per device",ACDI,Application,PaperCut,Software License,Monthly,,$591.60 ,,$394.40 ,$445.67 ,$394.40 ,$445.67 ,,,,,
AC-PCMFE-Canon,"PaperCut MFD Emb, Canon, Comm, 50-99, per device",ACDI,Application,PaperCut,Software License,Monthly,,$591.60 ,,$394.40 ,$445.67 ,$394.40 ,$445.67 ,,,,,
AC-PCMFE-Canon,"PaperCut MFD Emb, Canon, Comm, 100-199, per device",ACDI,Application,PaperCut,Software License,Monthly,,$591.60 ,,$394.40 ,$445.67 ,$394.40 ,$445.67 ,,,,,
AC-PCMFC-Lxmk,"PaperCut MFD Emb, Lexmark, Comm, 1-9, per device",ACDI,Application,PaperCut,Software License,Monthly,,$591.60 ,,$394.40 ,$445.67 ,$394.40 ,$445.67 ,,,,,
AC-PCMFC-Lxmk-10,"PaperCut MFD Emb, Lexmark, Comm, 10-24, per device",ACDI,Application,PaperCut,Software License,Monthly,,$591.60 ,,$394.40 ,$445.67 ,$394.40 ,$445.67 ,,,,,
LX-PCMFE-Lxmk-25,"PaperCut MFD Emb, Lexmark, Comm, 25-49, per device",ACDI,Application,PaperCut,Software License,Monthly,,$511.20 ,,$340.80 ,$385.10 ,$340.80 ,$385.10 ,,,,,
LX-PCMFE-Lxmk-50,"PaperCut MFD Emb, Lexmark, Comm, 50-99, per device",ACDI,Application,PaperCut,Software License,Monthly,,$435.60 ,,$290.40 ,$328.15 ,$290.40 ,$328.15 ,,,,,
LX-PCMFE-Lxmk-100,"PaperCut MFD Emb, Lexmark, Comm, 100-199, per device",ACDI,Application,PaperCut,Software License,Monthly,,$364.80 ,,$243.20 ,$274.82 ,$243.20 ,$274.82 ,,,,,
AC-PCMFE-KYOC,"PaperCut MFD Emb, Kyocera, Comm, 1-9, per device
Note: Device must have harddrive
 (card authentication kit required from Kyocera if using card readers)",ACDI,Application,PaperCut,Software License,Monthly,,$591.60 ,,$394.40 ,$445.67 ,$394.40 ,$445.67 ,,,,,
AC-PCMFE-KYOC-10,"PaperCut MFD Emb, Kyocera, Comm, 10-24, per device
Note: Device must have harddrive
 (card authentication kit required from Kyocera if using card readers)",ACDI,Application,PaperCut,Software License,Monthly,,$591.60 ,,$394.40 ,$445.67 ,$394.40 ,$445.67 ,,,,,
AC-PCMFE-KYOC-25,"PaperCut MFD Emb, Kyocera, Comm, 25-49, per device
Note: Device must have harddrive
 (card authentication kit required from Kyocera if using card readers)",ACDI,Application,PaperCut,Software License,Monthly,,$511.20 ,,$340.80 ,$385.10 ,$340.80 ,$385.10 ,,,,,
AC-PCMFE-KYOC-50,"PaperCut MFD Emb, Kyocera, Comm, 50-99, per device
Note: Device must have harddrive
 (card authentication kit required from Kyocera if using card readers)",ACDI,Application,PaperCut,Software License,Monthly,,$435.60 ,,$290.40 ,$328.15 ,$290.40 ,$328.15 ,,,,,
AC-PCMFE-KYOC-100,"PaperCut MFD Emb, Kyocera, Comm, 100-199, per device
Note: Device must have harddrive
 (card authentication kit required from Kyocera if using card readers)",ACDI,Application,PaperCut,Software License,Monthly,,$364.80 ,,$243.20 ,$274.82 ,$243.20 ,$274.82 ,,,,,
AC-AMSPlus-1,"ACDI advanced software maintenance and support, first year required - Commercial - 1 Year",ACDI,Application,PaperCut,Software License,Monthly,,$268.56 ,,$179.04 ,$202.32 ,$179.04 ,$202.32 ,,,,,
AC-AMSPLUS-2,"ACDI advanced software maintenance and support, first year required - Commercial - 2 Year",ACDI,Application,PaperCut,Software License,Monthly,,$537.12 ,,$358.08 ,$404.63 ,$358.08 ,$404.63 ,,,,,
AC-AMSPLUS-3,"ACDI advanced software maintenance and support, first year required - Commercial - 3 Year",ACDI,Application,PaperCut,Software License,Monthly,,$671.40 ,,$447.60 ,$505.79 ,$447.60 ,$505.79 ,,,,,
AC-AMSPLUS-4,"ACDI advanced software maintenance and support, first year required - Commercial - 4 Year",ACDI,Application,PaperCut,Software License,Monthly,,$895.20 ,,$596.80 ,$674.38 ,$596.80 ,$674.38 ,,,,,
AC-AMSPLUS-5,"ACDI advanced software maintenance and support, first year required - Commercial - 5 Year",ACDI,Application,PaperCut,Software License,Monthly,,$1.50 ,,$1.00 ,$1.13 ,$1.00 ,$1.13 ,,,,,
AC-AMSPlus-1,"ACDI advanced software maintenance and support, first year required - SMB - 1 Year",ACDI,Application,PaperCut,Software License,Monthly,,$268.56 ,,$179.04 ,$202.32 ,$179.04 ,$202.32 ,,,,,
AC-AMSPLUS-2,"ACDI advanced software maintenance and support, first year required - SMB - 2 Year",ACDI,Application,PaperCut,Software License,Monthly,,$537.12 ,,$358.08 ,$404.63 ,$358.08 ,$404.63 ,,,,,
AC-AMSPLUS-3,"ACDI advanced software maintenance and support, first year required - SMB - 3 Year",ACDI,Application,PaperCut,Software License,Monthly,,$671.40 ,,$447.60 ,$505.79 ,$447.60 ,$505.79 ,,,,,
AC-AMSPLUS-4,"ACDI advanced software maintenance and support, first year required - SMB - 4 Year",ACDI,Application,PaperCut,Software License,Monthly,,$895.20 ,,$596.80 ,$674.38 ,$596.80 ,$674.38 ,,,,,
AC-AMSPLUS-5,"ACDI advanced software maintenance and support, first year required - SMB - 5 Year",ACDI,Application,PaperCut,Software License,Monthly,,$1.50 ,,$1.00 ,$1.13 ,$1.00 ,$1.13 ,,,,,
AC-AMS-1,"ACDI annual software maintenance and support, first year required - Commercial - 1 Year",ACDI,Application,PaperCut,Software License,Monthly,,$179.04 ,,$119.36 ,$134.88 ,$119.36 ,$134.88 ,,,,,
AC-AMS-2,"ACDI annual software maintenance and support, first year required - Commercial - 2 Year",ACDI,Application,PaperCut,Software License,Monthly,,$358.08 ,,$238.72 ,$269.75 ,$238.72 ,$269.75 ,,,,,
AC-AMS-3,"ACDI annual software maintenance and support, first year required - Commercial - 3 Year",ACDI,Application,PaperCut,Software License,Monthly,,$402.84 ,,$268.56 ,$303.47 ,$268.56 ,$303.47 ,,,,,
AC-AMS-4,"ACDI annual software maintenance and support, first year required - Commercial - 4 Year",ACDI,Application,PaperCut,Software License,Monthly,,$537.12 ,,$358.08 ,$404.63 ,$358.08 ,$404.63 ,,,,,
AC-AMS-5,"ACDI annual software maintenance and support, first year required - Commercial - 5 Year",ACDI,Application,PaperCut,Software License,Monthly,,$1.50 ,,$1.00 ,$1.13 ,$1.00 ,$1.13 ,,,,,
AC-AMS-1,"ACDI annual software maintenance and support, first year required - SMB - 1 Year",ACDI,Application,PaperCut,Software License,Monthly,,$179.04 ,,$119.36 ,$134.88 ,$119.36 ,$134.88 ,,,,,
AC-AMS-2,"ACDI annual software maintenance and support, first year required - SMB - 2 Year",ACDI,Application,PaperCut,Software License,Monthly,,$358.08 ,,$238.72 ,$269.75 ,$238.72 ,$269.75 ,,,,,
AC-AMS-3,"ACDI annual software maintenance and support, first year required - SMB - 3 Year",ACDI,Application,PaperCut,Software License,Monthly,,$402.84 ,,$268.56 ,$303.47 ,$268.56 ,$303.47 ,,,,,
AC-AMS-4,"ACDI annual software maintenance and support, first year required - SMB - 4 Year",ACDI,Application,PaperCut,Software License,Monthly,,$537.12 ,,$358.08 ,$404.63 ,$358.08 ,$404.63 ,,,,,
AC-AMS-5,"ACDI annual software maintenance and support, first year required - SMB - 5 Year",ACDI,Application,PaperCut,Software License,Monthly,,$1.50 ,,$1.00 ,$1.13 ,$1.00 ,$1.13 ,,,,,
CN-PCMF-JT-Room,Job Ticketing - Print Room,ACDI,License,PaperCut,Software License,Monthly,,"$6,438.00 ",,"$4,292.00 ","$4,849.96 ","$4,292.00 ","$4,849.96 ",,,,,
MMSPlus-9,"Prorated support for Add On to align with
expiration date.05/31/2029
ACDI advanced software maintenance and
support, 9 months",ACDI,License,PaperCut,Software License,Monthly,,$0.27 ,,$0.18 ,$0.20 ,$0.18 ,$0.20 ,,,,,
AMSPlus-4,"Prorated support for Add On to align with
expiration date. 05/31/2029
ACDI advanced software maintenance and
support, 4 years",ACDI,License,PaperCut,Software License,Monthly,,$1.20 ,,$0.80 ,$0.90 ,$0.80 ,$0.90 ,,,,,
EtherFax-10,EtherFax add on connectors,ACDI,License,PaperCut,Software License,Monthly,,$180.00 ,,$120.00 ,$135.60 ,$120.00 ,$135.60 ,,,,,
PCMFC-Lxmk,"PaperCut MFD Emb, Lexmark, Comm, 1-9, per
device",ACDI,Application,PaperCut,Software License,Monthly,,$895.20 ,,$596.80 ,$674.38 ,$596.80 ,$674.38 ,,,,,
PCMFC-LxmkP,"PaperCut SFP Emb, Lexmark Printer, Comm, 1-
9, per device",ACDI,Application,PaperCut,Software License,Monthly,,$456.00 ,,$304.00 ,$343.52 ,$304.00 ,$343.52 ,,,,,
PCMFE-Canon-25-Edu-Gov,"PaperCut MFD Emb, Canon, EduGov, 25-49, per device",ACDI,Application,PaperCut,Software License,Monthly,,$469.20 ,,$312.80 ,$353.46 ,$312.80 ,$353.46 ,,,,,
PCMFE-Canon-10-Edu-Gov,"PaperCut MFD Emb, Canon, EduGov, 10-24, per device",ACDI,Application,PaperCut,Software License,Monthly,,$543.60 ,,$362.40 ,$409.51 ,$362.40 ,$409.51 ,,,,,
PCMFE-Canon,"PaperCut MFD Emb, Canon, EduGov, 1-9, per device",ACDI,Application,PaperCut,Software License,Monthly,,$788.40 ,,$525.60 ,$593.93 ,$525.60 ,$593.93 ,,,,,
AMSPlus-1,ACDI advanced software maintenance and support,ACDI,License,PaperCut,Software License,Monthly,,$0.36 ,,$0.24 ,$0.27 ,$0.24 ,$0.27 ,,,,,
PCMF-Migrate-Canon,"Migrating QTY 5 from Xerox to Canon
PaperCut MFD Emb",ACDI,Application,PaperCut,Software License,Monthly,,$186.00 ,,$124.00 ,$140.12 ,$124.00 ,$140.12 ,,,,,
AMSPlus-5,"ACDI advanced software maintenance and
support, 5 years",ACDI,Application,PaperCut,Software License,Monthly,,$1.50 ,,$1.00 ,$1.13 ,$1.00 ,$1.13 ,,,,,
PCMFE-Canon-10,"PaperCut MFD Emb, Canon, EduGov, 10-24, per device",ACDI,Application,PaperCut,Software License,Monthly,,$543.60 ,,$362.40 ,$409.51 ,$362.40 ,$409.51 ,,,,,
AMSPlus-5,ACDI advanced software maintenance and support - 5 Year EDU,ACDI,Application,PaperCut,Software License,Monthly,,$1.50 ,,$1.00 ,$1.13 ,$1.00 ,$1.13 ,,,,,
AMSPlus-3,ACDI advanced software maintenance and support - 3 Year EDU,ACDI,Application,PaperCut,Software License,Monthly,,$0.90 ,,$0.60 ,$0.68 ,$0.60 ,$0.68 ,,,,,
MMSPlus-3,ACDI advanced software maintenance and support - 3 Month EDU,ACDI,Application,PaperCut,Software License,Monthly,,$0.09 ,,$0.06 ,$0.07 ,$0.06 ,$0.07 ,,,,,
Canon MEAP,PaperCut MEAP App for Canon,ACDI,Application,PaperCut,Software License,Monthly,,$0.00 ,,$0.00 ,$0.00 ,$0.00 ,$0.00 ,,,,,
AMS-3,"ACDI annual software maintenance and support, 3 years",ACDI,Application,PaperCut,Software License,Monthly,,$0.54 ,,$0.36 ,$0.41 ,$0.36 ,$0.41 ,,,,,
,PrinterLogic License,Vasion,License,PrinterLogic,Software License,Monthly,,$15.00 ,,$6.41 ,$11.00 ,$6.41 ,$11.00 ,,,,,
3575B792AA,"Print & Scan, Type 1, 1-9 devices",Canon,Application,Uniflow,Software License,Monthly,,$36.68 ,,$25.67 ,$28.24 ,$25.67 ,$28.24 ,,,,,
3575B806AA,"Print & Scan, Type 1, 10-24 devices",Canon,Application,Uniflow,Software License,Monthly,,$21.35 ,,$14.94 ,$16.43 ,$14.94 ,$16.43 ,,,,,
3575B807AA,"Print & Scan, Type 1, 25-49 devices",Canon,Application,Uniflow,Software License,Monthly,,$16.00 ,,$11.20 ,$12.32 ,$11.20 ,$12.32 ,,,,,
3575B808AA,"Print & Scan, Type 1, 50-74 devices",Canon,Application,Uniflow,Software License,Monthly,,$14.40 ,,$10.08 ,$11.09 ,$10.08 ,$11.09 ,,,,,
3575B809AA,"Print & Scan, Type 1, 75-99 devices",Canon,Application,Uniflow,Software License,Monthly,,$12.80 ,,$8.96 ,$9.86 ,$8.96 ,$9.86 ,,,,,
3575B810AA,"Print & Scan, Type 1, 100-149 devices",Canon,Application,Uniflow,Software License,Monthly,,$11.75 ,,$8.22 ,$9.29 ,$8.22 ,$9.29 ,,,,,
3575B811AA,"Print & Scan, Type 1, 150-199 devices",Canon,Application,Uniflow,Software License,Monthly,,$11.20 ,,$7.84 ,$8.86 ,$7.84 ,$8.86 ,,,,,
3575B812AA,"Print & Scan, Type 1, 200-249 devices",Canon,Application,Uniflow,Software License,Monthly,,$10.68 ,,$7.47 ,$8.44 ,$7.47 ,$8.44 ,,,,,
3575B813AA,"Print & Scan, Type 1, 250-499 devices",Canon,Application,Uniflow,Software License,Monthly,,$10.15 ,,$7.10 ,$8.02 ,$7.10 ,$8.02 ,,,,,
3575B814AA,"Print & Scan, Type 1, 500+ devices",Canon,Application,Uniflow,Software License,Monthly,,$9.60 ,,$6.72 ,$7.59 ,$6.72 ,$7.59 ,,,,,
3575B831AA,"Print & Scan, Type 2, 1-9 devices",Canon,Application,Uniflow,Software License,Monthly,,$18.68 ,,$13.07 ,$14.77 ,$13.07 ,$14.77 ,,,,,
3575B832AA,"Print & Scan, Type 2, 10-24 devices",Canon,Application,Uniflow,Software License,Monthly,,$14.00 ,,$9.80 ,$11.07 ,$9.80 ,$11.07 ,,,,,
3575B833AA,"Print & Scan, Type 2, 25-49 devices",Canon,Application,Uniflow,Software License,Monthly,,$10.93 ,,$7.65 ,$8.64 ,$7.65 ,$8.64 ,,,,,
3575B834AA,"Print & Scan, Type 2, 50-74 devices",Canon,Application,Uniflow,Software License,Monthly,,$9.83 ,,$6.88 ,$7.77 ,$6.88 ,$7.77 ,,,,,
3575B835AA,"Print & Scan, Type 2, 75-99 devices",Canon,Application,Uniflow,Software License,Monthly,,$8.85 ,,$6.19 ,$6.99 ,$6.19 ,$6.99 ,,,,,
3575B836AA,"Print & Scan, Type 2, 100-149 devices",Canon,Application,Uniflow,Software License,Monthly,,$7.98 ,,$5.58 ,$6.31 ,$5.58 ,$6.31 ,,,,,
3575B837AA,"Print & Scan, Type 2, 150-199 devices",Canon,Application,Uniflow,Software License,Monthly,,$7.18 ,,$5.02 ,$5.67 ,$5.02 ,$5.67 ,,,,,
3575B838AA,"Print & Scan, Type 2, 200-249 devices",Canon,Application,Uniflow,Software License,Monthly,,$6.82 ,,$4.77 ,$5.39 ,$4.77 ,$5.39 ,,,,,
3575B839AA,"Print & Scan, Type 2, 250-499 devices",Canon,Application,Uniflow,Software License,Monthly,,$6.49 ,,$4.54 ,$5.13 ,$4.54 ,$5.13 ,,,,,
3575B840AA,"Print & Scan, Type 2, 500+ devices",Canon,Application,Uniflow,Software License,Monthly,,$6.15 ,,$4.30 ,$4.86 ,$4.30 ,$4.86 ,,,,,
3575BA26AA,Cloud Link Print Connection Named License,Canon,License,Uniflow,Software License,Monthly,,$1.70 ,,$1.19 ,$1.34 ,$1.19 ,$1.34 ,,,,,
3575B818AA,"Image Processing, Type 1, 1-9 devices",Canon,Application,Uniflow,Software License,Monthly,,$40.35 ,,$28.24 ,$31.91 ,$28.24 ,$31.91 ,,,,,
3575B819AA,"Image Processing, Type 1, 10-24 devices",Canon,Application,Uniflow,Software License,Monthly,,$23.48 ,,$16.43 ,$18.57 ,$16.43 ,$18.57 ,,,,,
3575B820AA,"Image Processing, Type 1, 25-49 devices",Canon,Application,Uniflow,Software License,Monthly,,$17.60 ,,$12.32 ,$13.92 ,$12.32 ,$13.92 ,,,,,
3575B821AA,"Image Processing, Type 1, 50-74 devices",Canon,Application,Uniflow,Software License,Monthly,,$15.86 ,,$11.10 ,$12.54 ,$11.10 ,$12.54 ,,,,,
3575B822AA,"Image Processing, Type 1, 75-99 devices",Canon,Application,Uniflow,Software License,Monthly,,$14.09 ,,$9.86 ,$11.14 ,$9.86 ,$11.14 ,,,,,
3575B823AA,"Image Processing, Type 1, 100-149 devices",Canon,Application,Uniflow,Software License,Monthly,,$12.92 ,,$9.04 ,$10.22 ,$9.04 ,$10.22 ,,,,,
3575B824AA,"Image Processing, Type 1, 150-199 devices",Canon,Application,Uniflow,Software License,Monthly,,$12.35 ,,$8.64 ,$9.76 ,$8.64 ,$9.76 ,,,,,
3575B825AA,"Image Processing, Type 1, 200-249 devices",Canon,Application,Uniflow,Software License,Monthly,,$11.75 ,,$8.22 ,$9.29 ,$8.22 ,$9.29 ,,,,,
3575B826AA ,"Image Processing, Type 1, 250-499 devices",Canon,Application,Uniflow,Software License,Monthly,,$11.18 ,,$7.82 ,$8.84 ,$7.82 ,$8.84 ,,,,,
3575B827AA,"Image Processing, Type 1, 500+ devices",Canon,Application,Uniflow,Software License,Monthly,,$10.58 ,,$7.40 ,$8.36 ,$7.40 ,$8.36 ,,,,,
3575B793AA,"Image Processing, Type 2, 1-9 devices",Canon,Application,Uniflow,Software License,Monthly,,$20.19 ,,$14.13 ,$15.97 ,$14.13 ,$15.97 ,,,,,
3575B794AA,"Image Processing, Type 2, 10-24 devices",Canon,Application,Uniflow,Software License,Monthly,,$11.75 ,,$8.22 ,$9.29 ,$8.22 ,$9.29 ,,,,,
3575B795AA,"Image Processing, Type 2, 25-49 devices",Canon,Application,Uniflow,Software License,Monthly,,$8.82 ,,$6.17 ,$6.97 ,$6.17 ,$6.97 ,,,,,
3575B796AA,"Image Processing, Type 2, 50-74 devices",Canon,Application,Uniflow,Software License,Monthly,,$7.93 ,,$5.55 ,$6.27 ,$5.55 ,$6.27 ,,,,,
3575B797AA,"Image Processing, Type 2, 75-99 devices",Canon,Application,Uniflow,Software License,Monthly,,$7.05 ,,$4.93 ,$5.57 ,$4.93 ,$5.57 ,,,,,
3575B798AA,"Image Processing, Type 2, 100-149 devices",Canon,Application,Uniflow,Software License,Monthly,,$6.48 ,,$4.53 ,$5.12 ,$4.53 ,$5.12 ,,,,,
3575B799AA,"Image Processing, Type 2, 150-199 devices",Canon,Application,Uniflow,Software License,Monthly,,$6.18 ,,$4.32 ,$4.88 ,$4.32 ,$4.88 ,,,,,
3575B800AA,"Image Processing, Type 2, 200-249 devices",Canon,Application,Uniflow,Software License,Monthly,,$5.88 ,,$4.11 ,$4.64 ,$4.11 ,$4.64 ,,,,,
3575B801AA,"Image Processing, Type 2, 250-499 devices",Canon,Application,Uniflow,Software License,Monthly,,$5.58 ,,$3.90 ,$4.41 ,$3.90 ,$4.41 ,,,,,
3575B802AA,"Image Processing, Type 2, 500+ devices",Canon,Application,Uniflow,Software License,Monthly,,$5.30 ,,$3.71 ,$4.19 ,$3.71 ,$4.19 ,,,,,
3575BA80AA,uniFLOW Online Tenant Feature Set Upgrade Point,Canon,Application,Uniflow,Software License,Monthly,,$1.50 ,,$1.00 ,$1.13 ,$1.00 ,$1.13 ,,,,,
3340B004AA,Canon Professional Service for uniFLOW,Canon,Application,Uniflow,Software License,Monthly,,"$3,000.00 ",,"$1,500.00 ","$1,695.00 ","$1,500.00 ","$1,695.00 ",,,,,
3575B697AA,Professional Service Package for uniFLOW Online,Canon,Application,Uniflow,Software License,Monthly,,"$1,990.00 ",,$995.00 ,"$1,124.35 ",$995.00 ,"$1,124.35 ",,,,,
3575B038AA,NT-Ware Remote Installation Assistance Service (RIAS) - 1 Unit,Canon,Application,Uniflow,Software License,Monthly,,"$1,900.00 ",,$950.00 ,"$1,073.50 ",$950.00 ,"$1,073.50 ",,,,,
3575B983AA,"Print & Scan, Type 1, 1-9 devices , with Canon Direct Support",Canon,Application,Uniflow,Software License,Monthly,,$47.50 ,,$33.25 ,$37.57 ,$33.25 ,$37.57 ,,,,,
3575B984AA,"Print & Scan, Type 1, 10-24 devices, with Canon Direct Support",Canon,Application,Uniflow,Software License,Monthly,,$27.50 ,,$19.25 ,$21.75 ,$19.25 ,$21.75 ,,,,,
3575B985AA,"Print & Scan, Type 1, 25-49 devices, with Canon Direct Support",Canon,Application,Uniflow,Software License,Monthly,,$20.75 ,,$14.50 ,$16.39 ,$14.50 ,$16.39 ,,,,,
3575B986AA,"Print & Scan, Type 1, 50-74 devices, with Canon Direct Support",Canon,Application,Uniflow,Software License,Monthly,,$18.75 ,,$13.00 ,$14.69 ,$13.00 ,$14.69 ,,,,,
3575B987AA,"Print & Scan, Type 1, 75-99 devices, with Canon Direct Support",Canon,Application,Uniflow,Software License,Monthly,,$17.00 ,,$11.75 ,$13.28 ,$11.75 ,$13.28 ,,,,,
3575B988AA,"Print & Scan, Type 1, 100-149 devices, with Canon Direct Support",Canon,Application,Uniflow,Software License,Monthly,,$15.50 ,,$10.75 ,$12.15 ,$10.75 ,$12.15 ,,,,,
3575B989AA,"Print & Scan, Type 1, 150-199 devices, with Canon Direct Support",Canon,Application,Uniflow,Software License,Monthly,,$14.75 ,,$10.25 ,$11.58 ,$10.25 ,$11.58 ,,,,,
3575B990AA,"Print & Scan, Type 1, 200-249 devices, with Canon Direct Support",Canon,Application,Uniflow,Software License,Monthly,,$14.00 ,,$9.75 ,$11.02 ,$9.75 ,$11.02 ,,,,,
3575B991AA,"Print & Scan, Type 1, 250-499 devices, with Canon Direct Support",Canon,Application,Uniflow,Software License,Monthly,,$13.25 ,,$9.25 ,$10.45 ,$9.25 ,$10.45 ,,,,,
3575B992AA,"Print & Scan, Type 1, 500+ devices, with Canon Direct Support",Canon,Application,Uniflow,Software License,Monthly,,$12.50 ,,$8.75 ,$9.89 ,$8.75 ,$9.89 ,,,,,
3575B996AA,"Print & Scan, Type 2, 1-9 devices, with Canon Direct Support",Canon,Application,Uniflow,Software License,Monthly,,$24.50 ,,$17.00 ,$19.21 ,$17.00 ,$19.21 ,,,,,
3575B997AA,"Print & Scan, Type 2, 10-24 devices, with Canon Direct Support",Canon,Application,Uniflow,Software License,Monthly,,$18.25 ,,$12.75 ,$14.41 ,$12.75 ,$14.41 ,,,,,
3575B998AA,"Print & Scan, Type 2, 25-49 devices, with Canon Direct Support",Canon,Application,Uniflow,Software License,Monthly,,$14.50 ,,$10.00 ,$11.30 ,$10.00 ,$11.30 ,,,,,
3575B999AA,"Print & Scan, Type 2, 50-74 devices, with Canon Direct Support",Canon,Application,Uniflow,Software License,Monthly,,$13.00 ,,$9.00 ,$10.17 ,$9.00 ,$10.17 ,,,,,
3575BA01AA,"Print & Scan, Type 2, 75-99 devices, with Canon Direct Support",Canon,Application,Uniflow,Software License,Monthly,,$11.50 ,,$8.00 ,$9.04 ,$8.00 ,$9.04 ,,,,,
3575BA02AA,"Print & Scan, Type 2, 100-149 devices, with Canon Direct Support",Canon,Application,Uniflow,Software License,Monthly,,$10.50 ,,$7.25 ,$8.19 ,$7.25 ,$8.19 ,,,,,
3575BA03AA,"Print & Scan, Type 2, 150-199 devices, with Canon Direct Support",Canon,Application,Uniflow,Software License,Monthly,,$9.50 ,,$6.50 ,$7.35 ,$6.50 ,$7.35 ,,,,,
3575BA04AA,"Print & Scan, Type 2, 200-249 devices, with Canon Direct Support",Canon,Application,Uniflow,Software License,Monthly,,$9.00 ,,$6.25 ,$7.06 ,$6.25 ,$7.06 ,,,,,
3575BA05AA,"Print & Scan, Type 2, 250-499 devices, with Canon Direct Support",Canon,Application,Uniflow,Software License,Monthly,,$8.75 ,,$6.00 ,$6.78 ,$6.00 ,$6.78 ,,,,,
3575BA06AA,"Print & Scan, Type 2, 500+ devices, with Canon Direct Support",Canon,Application,Uniflow,Software License,Monthly,,$8.25 ,,$5.75 ,$6.50 ,$5.75 ,$6.50 ,,,,,
3575BA28AA,"Cloud Link Print Connection Named License, with Canon Direct Support",Canon,License,Uniflow,Software License,Monthly,,$2.50 ,,$1.75 ,$1.98 ,$1.75 ,$1.98 ,,,,,
3575BA09AA,"Image Processing, Type 1, 1-9 devices, with Canon Direct Support",Canon,Application,Uniflow,Software License,Monthly,,$52.25 ,,$36.50 ,$41.25 ,$36.50 ,$41.25 ,,,,,
3575BA10AA,"Image Processing, Type 1, 10-24 devices, with Canon Direct Support",Canon,Application,Uniflow,Software License,Monthly,,$30.50 ,,$21.25 ,$24.01 ,$21.25 ,$24.01 ,,,,,
3575BA11AA,"Image Processing, Type 1, 25-49 devices, with Canon Direct Support",Canon,Application,Uniflow,Software License,Monthly,,$23.00 ,,$16.00 ,$18.08 ,$16.00 ,$18.08 ,,,,,
3575BA12AA,"Image Processing, Type 1, 50-74 devices, with Canon Direct Support",Canon,Application,Uniflow,Software License,Monthly,,$20.75 ,,$14.50 ,$16.39 ,$14.50 ,$16.39 ,,,,,
3575BA13AA,"Image Processing, Type 1, 75-99 devices, with Canon Direct Support",Canon,Application,Uniflow,Software License,Monthly,,$18.25 ,,$12.75 ,$14.41 ,$12.75 ,$14.41 ,,,,,
3575BA14AA,"Image Processing, Type 1, 100-149 devices, with Canon Direct Support",Canon,Application,Uniflow,Software License,Monthly,,$17.00 ,,$11.75 ,$13.28 ,$11.75 ,$13.28 ,,,,,
3575BA15AA,"Image Processing, Type 1, 150-199 devices, with Canon Direct Support",Canon,Application,Uniflow,Software License,Monthly,,$16.25 ,,$11.25 ,$12.71 ,$11.25 ,$12.71 ,,,,,
3575BA16AA,"Image Processing, Type 1, 200-249 devices, with Canon Direct Support",Canon,Application,Uniflow,Software License,Monthly,,$15.50 ,,$10.75 ,$12.15 ,$10.75 ,$12.15 ,,,,,
3575B965AA,"Image Processing, Type 1, 250-499 devices, with Canon Direct Support",Canon,Application,Uniflow,Software License,Monthly,,$14.75 ,,$10.25 ,$11.58 ,$10.25 ,$11.58 ,,,,,
3575B966AA,"Image Processing, Type 1, 500+ devices, with Canon Direct Support",Canon,Application,Uniflow,Software License,Monthly,,$14.00 ,,$9.75 ,$11.02 ,$9.75 ,$11.02 ,,,,,
3575B970AA,"Image Processing, Type 2, 1-9 devices, with Canon Direct Support",Canon,Application,Uniflow,Software License,Monthly,,$26.25 ,,$18.25 ,$20.62 ,$18.25 ,$20.62 ,,,,,
3575B971AA,"Image Processing, Type 2, 10-24 devices, with Canon Direct Support",Canon,Application,Uniflow,Software License,Monthly,,$15.50 ,,$10.75 ,$12.15 ,$10.75 ,$12.15 ,,,,,
3575B972AA,"Image Processing, Type 2, 25-49 devices, with Canon Direct Support",Canon,Application,Uniflow,Software License,Monthly,,$11.50 ,,$8.00 ,$9.04 ,$8.00 ,$9.04 ,,,,,
3575B973AA,"Image Processing, Type 2, 50-74 devices, with Canon Direct Support",Canon,Application,Uniflow,Software License,Monthly,,$10.50 ,,$7.25 ,$8.19 ,$7.25 ,$8.19 ,,,,,
3575B974AA,"Image Processing, Type 2, 75-99 devices, with Canon Direct Support",Canon,Application,Uniflow,Software License,Monthly,,$9.50 ,,$6.50 ,$7.35 ,$6.50 ,$7.35 ,,,,,
3575B975AA,"Image Processing, Type 2, 100-149 devices, with Canon Direct Support",Canon,Application,Uniflow,Software License,Monthly,,$8.75 ,,$6.00 ,$6.78 ,$6.00 ,$6.78 ,,,,,
3575B976AA,"Image Processing, Type 2, 150-199 devices, with Canon Direct Support",Canon,Application,Uniflow,Software License,Monthly,,$8.25 ,,$5.75 ,$6.50 ,$5.75 ,$6.50 ,,,,,
3575B977AA,"Image Processing, Type 2, 200-249 devices, with Canon Direct Support",Canon,Application,Uniflow,Software License,Monthly,,$8.00 ,,$5.50 ,$6.22 ,$5.50 ,$6.22 ,,,,,
3575B978AA,"Image Processing, Type 2, 250-499 devices, with Canon Direct Support",Canon,Application,Uniflow,Software License,Monthly,,$7.50 ,,$5.25 ,$5.93 ,$5.25 ,$5.93 ,,,,,
3575B979AA,"Image Processing, Type 2, 500+ devices, with Canon Direct Support",Canon,Application,Uniflow,Software License,Monthly,,$7.25 ,,$5.00 ,$5.65 ,$5.00 ,$5.65 ,,,,,
3575B025AA,"Standard Module, Workgroup Edition",Canon,Application,Uniflow,Software License,Monthly,,$830.00 ,,$622.00 ,$702.86 ,$622.00 ,$702.86 ,,,,,
3575B134AA,"Remote Print Server, Workgroup Edition",Canon,Application,Uniflow,Software License,Monthly,,$830.00 ,,$622.00 ,$702.86 ,$622.00 ,$702.86 ,,,,,
3575B020AA,"Standard Module, Business Edition",Canon,Application,Uniflow,Software License,Monthly,,$830.00 ,,$622.00 ,$702.86 ,$622.00 ,$702.86 ,,,,,
3575B023AA,"Remote Print Server, Business Edition",Canon,Application,Uniflow,Software License,Monthly,,$830.00 ,,$622.00 ,$702.86 ,$622.00 ,$702.86 ,,,,,
3575B015AA,"Standard Module, Corporate Edition",Canon,Application,Uniflow,Software License,Monthly,,"$1,880.00 ",,"$1,407.00 ","$1,589.91 ","$1,407.00 ","$1,589.91 ",,,,,
3575B018AA,"Remote Print Server, Corporate Edition",Canon,Application,Uniflow,Software License,Monthly,,"$1,110.00 ",,$828.00 ,$935.64 ,$828.00 ,$935.64 ,,,,,
3575B006AA,"Standard Module, Enterprise Edition",Canon,Application,Uniflow,Software License,Monthly,,"$3,070.00 ",,"$2,299.00 ","$2,597.87 ","$2,299.00 ","$2,597.87 ",,,,,
3575B009AA,"Remote Print Server, Enterprise Edition",Canon,Application,Uniflow,Software License,Monthly,,"$1,550.00 ",,"$1,159.00 ","$1,309.67 ","$1,159.00 ","$1,309.67 ",,,,,
3575B010AA,"10-Pack Remote Print Server, Enterprise Edition",Canon,Application,Uniflow,Software License,Monthly,,"$13,920.00 ",,"$10,434.00 ","$11,790.42 ","$10,434.00 ","$11,790.42 ",,,,,
3575B012AA,"25-Pack Remote Print Server, Enterprise Edition",Canon,Application,Uniflow,Software License,Monthly,,"$32,990.00 ",,"$24,738.00 ","$27,953.94 ","$24,738.00 ","$27,953.94 ",,,,,
3575B013AA,"Unlimited Remote Print Server, Enterprise Edition",Canon,Application,Uniflow,Software License,Monthly,,"$165,600.00 ",,"$124,200.00 ","$140,346.00 ","$124,200.00 ","$140,346.00 ",,,,,
3575B258AA,uniFLOW Login Manager - 1 Device,Canon,Application,Uniflow,Software License,Monthly,,$220.00 ,,$164.00 ,$185.32 ,$164.00 ,$185.32 ,,,,,
3575B328AA,uniFLOW Login Manager - 5 Device,Canon,Application,Uniflow,Software License,Monthly,,"$1,040.00 ",,$778.00 ,$879.14 ,$778.00 ,$879.14 ,,,,,
3575B259AA,uniFLOW Login Manager - 10 Device,Canon,Application,Uniflow,Software License,Monthly,,"$1,930.00 ",,"$1,442.00 ","$1,629.46 ","$1,442.00 ","$1,629.46 ",,,,,
3575B260AA,uniFLOW Login Manager - 25 Device,Canon,Application,Uniflow,Software License,Monthly,,"$4,580.00 ",,"$3,430.00 ","$3,875.90 ","$3,430.00 ","$3,875.90 ",,,,,
3575B261AA,uniFLOW Login Manager - 50 Device,Canon,Application,Uniflow,Software License,Monthly,,"$8,670.00 ",,"$6,502.00 ","$7,347.26 ","$6,502.00 ","$7,347.26 ",,,,,
3575B262AA,uniFLOW Login Manager - 75 Device,Canon,Application,Uniflow,Software License,Monthly,,"$12,300.00 ",,"$9,219.00 ","$10,417.47 ","$9,219.00 ","$10,417.47 ",,,,,
3575B263AA,uniFLOW Login Manager - 100 Device,Canon,Application,Uniflow,Software License,Monthly,,"$15,450.00 ",,"$11,583.00 ","$13,088.79 ","$11,583.00 ","$13,088.79 ",,,,,
3575B264AA,uniFLOW Login Manager - 250 Device,Canon,Application,Uniflow,Software License,Monthly,,"$35,430.00 ",,"$26,567.00 ","$30,020.71 ","$26,567.00 ","$30,020.71 ",,,,,
3575B590AA,SPP + Scan Device License for MEAP - 1 Device,Canon,Application,Uniflow,Software License,Monthly,,"$1,240.00 ",,$927.00 ,"$1,047.51 ",$927.00 ,"$1,047.51 ",,,,,
3575B591AA,SPP + Scan Device License for MEAP - 5 Device,Canon,Application,Uniflow,Software License,Monthly,,"$5,550.00 ",,"$4,158.00 ","$4,698.54 ","$4,158.00 ","$4,698.54 ",,,,,
3575B592AA,SPP + Scan Device License for MEAP - 10 Device,Canon,Application,Uniflow,Software License,Monthly,,"$9,920.00 ",,"$7,434.00 ","$8,400.42 ","$7,434.00 ","$8,400.42 ",,,,,
3575B593AA,SPP + Scan Device License for MEAP - 25 Device,Canon,Application,Uniflow,Software License,Monthly,,"$22,770.00 ",,"$17,075.00 ","$19,294.75 ","$17,075.00 ","$19,294.75 ",,,,,
3575B594AA,SPP + Scan Device License for MEAP - 50 Device,Canon,Application,Uniflow,Software License,Monthly,,"$41,530.00 ",,"$31,141.00 ","$35,189.33 ","$31,141.00 ","$35,189.33 ",,,,,
3575B595AA,SPP + Scan Device License for MEAP - 75 Device,Canon,Application,Uniflow,Software License,Monthly,,"$56,270.00 ",,"$42,198.00 ","$47,683.74 ","$42,198.00 ","$47,683.74 ",,,,,
3575B596AA,SPP + Scan Device License for MEAP - 100 Device,Canon,Application,Uniflow,Software License,Monthly,,"$67,000.00 ",,"$50,244.00 ","$56,775.72 ","$50,244.00 ","$56,775.72 ",,,,,
3575B597AA,SPP + Scan Device License for MEAP - 250 Device,Canon,Application,Uniflow,Software License,Monthly,,"$144,560.00 ",,"$108,417.00 ","$122,511.21 ","$108,417.00 ","$122,511.21 ",,,,,
3575B028AA,SPP Device License for MEAP - 1 Device,Canon,Application,Uniflow,Software License,Monthly,,$530.00 ,,$394.00 ,$445.22 ,$394.00 ,$445.22 ,,,,,
3575B308AA,SPP Device License for MEAP - 5 Device,Canon,Application,Uniflow,Software License,Monthly,,"$2,410.00 ",,"$1,801.00 ","$2,035.13 ","$1,801.00 ","$2,035.13 ",,,,,
3575B029AA,SPP Device License for MEAP - 10 Device,Canon,Application,Uniflow,Software License,Monthly,,"$4,320.00 ",,"$3,240.00 ","$3,661.20 ","$3,240.00 ","$3,661.20 ",,,,,
3575B030AA,SPP Device License for MEAP - 25 Device,Canon,Application,Uniflow,Software License,Monthly,,"$10,030.00 ",,"$7,522.00 ","$8,499.86 ","$7,522.00 ","$8,499.86 ",,,,,
3575B031AA,SPP Device License for MEAP - 50 Device,Canon,Application,Uniflow,Software License,Monthly,,"$18,520.00 ",,"$13,890.00 ","$15,695.70 ","$13,890.00 ","$15,695.70 ",,,,,
3575B032AA,SPP Device License for MEAP - 75 Device,Canon,Application,Uniflow,Software License,Monthly,,"$25,480.00 ",,"$19,110.00 ","$21,594.30 ","$19,110.00 ","$21,594.30 ",,,,,
3575B033AA,SPP Device License for MEAP - 100 Device,Canon,Application,Uniflow,Software License,Monthly,,"$30,910.00 ",,"$23,176.00 ","$26,188.88 ","$23,176.00 ","$26,188.88 ",,,,,
3575B161AA,SPP Device License for MEAP - 250 Device,Canon,Application,Uniflow,Software License,Monthly,,"$68,490.00 ",,"$51,362.00 ","$58,039.06 ","$51,362.00 ","$58,039.06 ",,,,,
3575B265AA,SPP Addition for MEAP - 1 Device,Canon,Application,Uniflow,Software License,Monthly,,$310.00 ,,$230.00 ,$259.90 ,$230.00 ,$259.90 ,,,,,
3575B309AA,SPP Addition for MEAP - 5 Device,Canon,Application,Uniflow,Software License,Monthly,,"$1,370.00 ",,"$1,023.00 ","$1,155.99 ","$1,023.00 ","$1,155.99 ",,,,,
3575B266AA,SPP Addition for MEAP - 10 Device,Canon,Application,Uniflow,Software License,Monthly,,"$2,400.00 ",,"$1,800.00 ","$2,034.00 ","$1,800.00 ","$2,034.00 ",,,,,
3575B267AA,SPP Addition for MEAP - 25 Device,Canon,Application,Uniflow,Software License,Monthly,,"$5,460.00 ",,"$4,093.00 ","$4,625.09 ","$4,093.00 ","$4,625.09 ",,,,,
3575B268AA,SPP Addition for MEAP - 50 Device,Canon,Application,Uniflow,Software License,Monthly,,"$9,860.00 ",,"$7,389.00 ","$8,349.57 ","$7,389.00 ","$8,349.57 ",,,,,
3575B269AA,SPP Addition for MEAP - 75 Device,Canon,Application,Uniflow,Software License,Monthly,,"$13,190.00 ",,"$9,891.00 ","$11,176.83 ","$9,891.00 ","$11,176.83 ",,,,,
3575B270AA,SPP Addition for MEAP - 100 Device,Canon,Application,Uniflow,Software License,Monthly,,"$15,460.00 ",,"$11,593.00 ","$13,100.09 ","$11,593.00 ","$13,100.09 ",,,,,
3575B271AA,SPP Addition for MEAP - 250 Device,Canon,Application,Uniflow,Software License,Monthly,,"$32,590.00 ",,"$24,440.00 ","$27,617.20 ","$24,440.00 ","$27,617.20 ",,,,,
3575B197AA,SPP Device License for CMFP - 1 Device,Canon,Application,Uniflow,Software License,Monthly,,$200.00 ,,$147.00 ,$166.11 ,$147.00 ,$166.11 ,,,,,
3575B198AA,SPP Device License for CMFP - 10 Device,Canon,Application,Uniflow,Software License,Monthly,,"$1,810.00 ",,"$1,354.00 ","$1,530.02 ","$1,354.00 ","$1,530.02 ",,,,,
3575B199AA,SPP Device License for CMFP - 25 Device,Canon,Application,Uniflow,Software License,Monthly,,"$4,400.00 ",,"$3,299.00 ","$3,727.87 ","$3,299.00 ","$3,727.87 ",,,,,
3575B200AA,SPP Device License for CMFP - 50 Device,Canon,Application,Uniflow,Software License,Monthly,,"$8,570.00 ",,"$6,426.00 ","$7,261.38 ","$6,426.00 ","$7,261.38 ",,,,,
3575B201AA,SPP Device License for CMFP - 75 Device,Canon,Application,Uniflow,Software License,Monthly,,"$12,510.00 ",,"$9,379.00 ","$10,598.27 ","$9,379.00 ","$10,598.27 ",,,,,
3575B202AA,SPP Device License for CMFP - 100 Device,Canon,Application,Uniflow,Software License,Monthly,,"$16,220.00 ",,"$12,160.00 ","$13,740.80 ","$12,160.00 ","$13,740.80 ",,,,,
3575B416AA,SPP Device License for CMFP - 250 Device,Canon,Application,Uniflow,Software License,Monthly,,"$39,390.00 ",,"$29,540.00 ","$33,380.20 ","$29,540.00 ","$33,380.20 ",,,,,
3575B322AA,SPP Device License for SFP MEAP - 1 Device,Canon,Application,Uniflow,Software License,Monthly,,$160.00 ,,$116.00 ,$131.08 ,$116.00 ,$131.08 ,,,,,
3575B323AA,SPP Device License for SFP MEAP - 10 Device,Canon,Application,Uniflow,Software License,Monthly,,"$1,470.00 ",,"$1,096.00 ","$1,238.48 ","$1,096.00 ","$1,238.48 ",,,,,
3575B324AA,SPP Device License for SFP MEAP - 25 Device,Canon,Application,Uniflow,Software License,Monthly,,"$3,590.00 ",,"$2,688.00 ","$3,037.44 ","$2,688.00 ","$3,037.44 ",,,,,
3575B325AA,SPP Device License for SFP MEAP - 50 Device,Canon,Application,Uniflow,Software License,Monthly,,"$7,040.00 ",,"$5,273.00 ","$5,958.49 ","$5,273.00 ","$5,958.49 ",,,,,
3575B326AA,SPP Device License for SFP MEAP - 75 Device,Canon,Application,Uniflow,Software License,Monthly,,"$10,340.00 ",,"$7,754.00 ","$8,762.02 ","$7,754.00 ","$8,762.02 ",,,,,
3575B327AA,SPP Device License for SFP MEAP - 100 Device,Canon,Application,Uniflow,Software License,Monthly,,"$13,510.00 ",,"$10,131.00 ","$11,448.03 ","$10,131.00 ","$11,448.03 ",,,,,
3575B417AA,SPP Device License for SFP MEAP - 250 Device,Canon,Application,Uniflow,Software License,Monthly,,"$33,080.00 ",,"$24,807.00 ","$28,031.91 ","$24,807.00 ","$28,031.91 ",,,,,
3575B519AA,SPP Device License for Océ Large Format Printer Low Volume,Canon,Application,Uniflow,Software License,Monthly,,$600.00 ,,$450.00 ,$508.50 ,$450.00 ,$508.50 ,,,,,
3575B520AA,SPP Device License for Océ Large Format Printer Mid Volume,Canon,Application,Uniflow,Software License,Monthly,,$725.00 ,,$544.00 ,$614.72 ,$544.00 ,$614.72 ,,,,,
3575B743AA,uniFLOW SPP Device License for Canon varioPRINT 1 Device,Canon,Application,Uniflow,Software License,Monthly,,$440.00 ,,$330.00 ,$372.90 ,$330.00 ,$372.90 ,,,,,
3575B963AA,SPP Device License for imagePROGRAF,Canon,Application,Uniflow,Software License,Monthly,,$200.00 ,,$147.00 ,$166.11 ,$147.00 ,$166.11 ,,,,,
3575B205AA,SPP Device License for Xerox - 1 Device,Canon,Application,Uniflow,Software License,Monthly,,$600.00 ,,$450.00 ,$508.50 ,$450.00 ,$508.50 ,,,,,
3575B233AA,SPP Device License for Hewlett Packard - 1 Device,Canon,Application,Uniflow,Software License,Monthly,,$600.00 ,,$450.00 ,$508.50 ,$450.00 ,$508.50 ,,,,,
3575B583AA,SPP Device License for OKI - 1 Device,Canon,Application,Uniflow,Software License,Monthly,,$600.00 ,,$450.00 ,$508.50 ,$450.00 ,$508.50 ,,,,,
3575B582AA,SPP Device License for Samsung - 1 Device,Canon,Application,Uniflow,Software License,Monthly,,$600.00 ,,$450.00 ,$508.50 ,$450.00 ,$508.50 ,,,,,
3575B584AA,SPP Device License for Konica Minolta - 1 Device,Canon,Application,Uniflow,Software License,Monthly,,$600.00 ,,$450.00 ,$508.50 ,$450.00 ,$508.50 ,,,,,
3575B729AA,SPP Device License for Lexmark - 1 Device,Canon,Application,Uniflow,Software License,Monthly,,$600.00 ,,$450.00 ,$508.50 ,$450.00 ,$508.50 ,,,,,
3575B730AA,SPP Device License for  Sharp - 1 Device,Canon,Application,Uniflow,Software License,Monthly,,$600.00 ,,$450.00 ,$508.50 ,$450.00 ,$508.50 ,,,,,
3575B850AA,SPP Device License for Epson 1 Device,Canon,Application,Uniflow,Software License,Monthly,,$600.00 ,,$450.00 ,$508.50 ,$450.00 ,$508.50 ,,,,,
3575B212AA,CAC SPP Device License for MEAP - 1 Device,Canon,Application,Uniflow,Software License,Monthly,,$530.00 ,,$394.00 ,$445.22 ,$394.00 ,$445.22 ,,,,,
3575B313AA,CAC SPP Device License for MEAP - 5 Device,Canon,Application,Uniflow,Software License,Monthly,,"$2,410.00 ",,"$1,801.00 ","$2,035.13 ","$1,801.00 ","$2,035.13 ",,,,,
3575B213AA,CAC SPP Device License for MEAP - 10 Device,Canon,Application,Uniflow,Software License,Monthly,,"$4,320.00 ",,"$3,240.00 ","$3,661.20 ","$3,240.00 ","$3,661.20 ",,,,,
3575B214AA,CAC SPP Device License for MEAP - 25 Device,Canon,Application,Uniflow,Software License,Monthly,,"$10,030.00 ",,"$7,522.00 ","$8,499.86 ","$7,522.00 ","$8,499.86 ",,,,,
3575B215AA,CAC SPP Device License for MEAP - 50 Device,Canon,Application,Uniflow,Software License,Monthly,,"$18,520.00 ",,"$13,890.00 ","$15,695.70 ","$13,890.00 ","$15,695.70 ",,,,,
3575B216AA,CAC SPP Device License for MEAP - 75 Device,Canon,Application,Uniflow,Software License,Monthly,,"$25,480.00 ",,"$19,110.00 ","$21,594.30 ","$19,110.00 ","$21,594.30 ",,,,,
3575B217AA,CAC SPP Device License for MEAP - 100 Device,Canon,Application,Uniflow,Software License,Monthly,,"$30,910.00 ",,"$23,176.00 ","$26,188.88 ","$23,176.00 ","$26,188.88 ",,,,,
3575B218AA,CAC SPP Device License for MEAP - 250 Device,Canon,Application,Uniflow,Software License,Monthly,,"$68,490.00 ",,"$51,362.00 ","$58,039.06 ","$51,362.00 ","$58,039.06 ",,,,,
3575B354AA,Scan Device License for MEAP - 1 Device,Canon,Application,Uniflow,Software License,Monthly,,$940.00 ,,$698.00 ,$788.74 ,$698.00 ,$788.74 ,,,,,
3575B355AA,Scan Device License for MEAP - 5 Device,Canon,Application,Uniflow,Software License,Monthly,,"$4,180.00 ",,"$3,135.00 ","$3,542.55 ","$3,135.00 ","$3,542.55 ",,,,,
3575B356AA,Scan Device License for MEAP - 10 Device,Canon,Application,Uniflow,Software License,Monthly,,"$7,520.00 ",,"$5,635.00 ","$6,367.55 ","$5,635.00 ","$6,367.55 ",,,,,
3575B357AA,Scan Device License for MEAP - 25 Device,Canon,Application,Uniflow,Software License,Monthly,,"$17,320.00 ",,"$12,983.00 ","$14,670.79 ","$12,983.00 ","$14,670.79 ",,,,,
3575B358AA,Scan Device License for MEAP - 50 Device,Canon,Application,Uniflow,Software License,Monthly,,"$31,670.00 ",,"$23,752.00 ","$26,839.76 ","$23,752.00 ","$26,839.76 ",,,,,
3575B359AA,Scan Device License for MEAP - 75 Device,Canon,Application,Uniflow,Software License,Monthly,,"$43,080.00 ",,"$32,306.00 ","$36,505.78 ","$32,306.00 ","$36,505.78 ",,,,,
3575B360AA,Scan Device License for MEAP - 100 Device,Canon,Application,Uniflow,Software License,Monthly,,"$51,540.00 ",,"$38,651.00 ","$43,675.63 ","$38,651.00 ","$43,675.63 ",,,,,
3575B361AA,Scan Device License for MEAP - 250 Device,Canon,Application,Uniflow,Software License,Monthly,,"$111,970.00 ",,"$83,977.00 ","$94,894.01 ","$83,977.00 ","$94,894.01 ",,,,,
3575B362AA,Scan Addition for MEAP - 1 Device,Canon,Application,Uniflow,Software License,Monthly,,$720.00 ,,$533.00 ,$602.29 ,$533.00 ,$602.29 ,,,,,
3575B363AA,Scan Addition for MEAP - 5 Device,Canon,Application,Uniflow,Software License,Monthly,,"$3,150.00 ",,"$2,358.00 ","$2,664.54 ","$2,358.00 ","$2,664.54 ",,,,,
3575B364AA,Scan Addition for MEAP - 10 Device,Canon,Application,Uniflow,Software License,Monthly,,"$5,600.00 ",,"$4,194.00 ","$4,739.22 ","$4,194.00 ","$4,739.22 ",,,,,
3575B365AA,Scan Addition for MEAP - 25 Device,Canon,Application,Uniflow,Software License,Monthly,,"$12,740.00 ",,"$9,554.00 ","$10,796.02 ","$9,554.00 ","$10,796.02 ",,,,,
3575B366AA,Scan Addition for MEAP - 50 Device,Canon,Application,Uniflow,Software License,Monthly,,"$23,010.00 ",,"$17,251.00 ","$19,493.63 ","$17,251.00 ","$19,493.63 ",,,,,
3575B367AA,Scan Addition for MEAP - 75 Device,Canon,Application,Uniflow,Software License,Monthly,,"$30,790.00 ",,"$23,088.00 ","$26,089.44 ","$23,088.00 ","$26,089.44 ",,,,,
3575B368AA,Scan Addition for MEAP - 100 Device,Canon,Application,Uniflow,Software License,Monthly,,"$36,100.00 ",,"$27,069.00 ","$30,587.97 ","$27,069.00 ","$30,587.97 ",,,,,
3575B369AA,Scan Addition for MEAP - 250 Device,Canon,Application,Uniflow,Software License,Monthly,,"$76,080.00 ",,"$57,056.00 ","$64,473.28 ","$57,056.00 ","$64,473.28 ",,,,,
3575B485AA,Additional Scan Workflow License,Canon,Application,Uniflow,Software License,Monthly,,"$1,240.00 ",,$891.00 ,"$1,006.83 ",$891.00 ,"$1,006.83 ",,,,,
3575BA53AA,uniFLOW Image Log Device License for MEAP 1 device,Canon,Application,Uniflow,Software License,Monthly,,"$1,182.00 ",,$886.00 ,"$1,001.18 ",$886.00 ,"$1,001.18 ",,,,,
3575BA54AA,uniFLOW Image Log Device License for MEAP 10 device,Canon,Application,Uniflow,Software License,Monthly,,"$10,196.00 ",,"$7,647.00 ","$8,641.11 ","$7,647.00 ","$8,641.11 ",,,,,
3575BA55AA,uniFLOW Image Log Device License for MEAP 25 device,Canon,Application,Uniflow,Software License,Monthly,,"$22,934.00 ",,"$17,200.00 ","$19,436.00 ","$17,200.00 ","$19,436.00 ",,,,,
3575BA56AA,uniFLOW Image Log Device License for MEAP 50 device,Canon,Application,Uniflow,Software License,Monthly,,"$37,536.00 ",,"$28,152.00 ","$31,811.76 ","$28,152.00 ","$31,811.76 ",,,,,
3575BA57AA,uniFLOW Image Log Device License for MEAP 75 device,Canon,Application,Uniflow,Software License,Monthly,,"$52,272.00 ",,"$39,204.00 ","$44,300.52 ","$39,204.00 ","$44,300.52 ",,,,,
3575BA58AA,uniFLOW Image Log Device License for MEAP 100 device,Canon,Application,Uniflow,Software License,Monthly,,"$64,320.00 ",,"$48,240.00 ","$54,511.20 ","$48,240.00 ","$54,511.20 ",,,,,
3575BA59AA,uniFLOW Image Log Device License for MEAP 250 device,Canon,Application,Uniflow,Software License,Monthly,,"$147,360.00 ",,"$110,520.00 ","$124,887.60 ","$110,520.00 ","$124,887.60 ",,,,,
3575B279AA,"Scan Processing Server - Volume Package - 200,000 Scans per year",Canon,Application,Uniflow,Software License,Monthly,,"$1,270.00 ",,$946.00 ,"$1,068.98 ",$946.00 ,"$1,068.98 ",,,,,
3575B280AA,"Scan Processing Server - Volume Package - 600,000 Scans per year",Canon,Application,Uniflow,Software License,Monthly,,"$3,410.00 ",,"$2,552.00 ","$2,883.76 ","$2,552.00 ","$2,883.76 ",,,,,
3575B281AA,Scan Processing Server - Volume Package - 1 Million Scans per year,Canon,Application,Uniflow,Software License,Monthly,,"$5,040.00 ",,"$3,780.00 ","$4,271.40 ","$3,780.00 ","$4,271.40 ",,,,,
3575B282AA,Scan Processing Server - Volume Package - Unlimited,Canon,Application,Uniflow,Software License,Monthly,,"$63,010.00 ",,"$47,251.00 ","$53,393.63 ","$47,251.00 ","$53,393.63 ",,,,,
3575B518AA,Scan Device License for ScanFront & ScanKiosk,Canon,Application,Uniflow,Software License,Monthly,,$380.00 ,,$280.00 ,$316.40 ,$280.00 ,$316.40 ,,,,,
3575B677AA,uniFLOW Desktop Scan Client License,Canon,Application,Uniflow,Software License,Monthly,,$250.00 ,,$183.00 ,$206.79 ,$183.00 ,$206.79 ,,,,,
3575B273AA,Blackboard/CardSmith Budget Connector Plug-in,Canon,Application,Uniflow,Software License,Monthly,,"$3,000.00 ",,"$2,250.00 ","$2,542.50 ","$2,250.00 ","$2,542.50 ",,,,,
3575B304AA,File Format Conversion,Canon,Application,Uniflow,Software License,Monthly,,$470.00 ,,$350.00 ,$395.50 ,$350.00 ,$395.50 ,,,,,
3575B132AA,Job Conversion Instance,Canon,Application,Uniflow,Software License,Monthly,,$150.00 ,,$90.00 ,$101.70 ,$90.00 ,$101.70 ,,,,,
3575B413AA,PCL Job Conversion,Canon,Application,Uniflow,Software License,Monthly,,"$1,270.00 ",,$946.00 ,"$1,068.98 ",$946.00 ,"$1,068.98 ",,,,,
3575B414AA,Variable Data Printing,Canon,Application,Uniflow,Software License,Monthly,,"$16,450.00 ",,"$12,334.00 ","$13,937.42 ","$12,334.00 ","$13,937.42 ",,,,,
3575B415AA,Variable Data Printing - 5 Additional Designer Pack,Canon,Application,Uniflow,Software License,Monthly,,$270.00 ,,$200.00 ,$226.00 ,$200.00 ,$226.00 ,,,,,
3575B040AA,Software Assurance -1 Point,Canon,Application,Uniflow,Software License,Monthly,,$21.00 ,,$14.00 ,$15.82 ,$14.00 ,$15.82 ,,,,,
3575B894AA,"Cloud Print & Scan FedRAMP Month-Device License, Type 1, 10-24 devices",Canon,Application,Uniflow,Software License,Monthly,,$38.28 ,,$25.52 ,$28.84 ,$25.52 ,$28.84 ,,,,,
3575B893AA,"Cloud Print & Scan FedRAMP Month-Device License, Type 1, 1-9 devices<1><3>",Canon,Application,Uniflow,Software License,Monthly,,$51.98 ,,$34.65 ,$39.16 ,$34.65 ,$39.16 ,,,,,
PCMFC-Canon-25,"PaperCut MFD Emb, Canon, Comm, 25-49, per device",ACDI,Application,PaperCut,Software License,Monthly,,$511.20 ,,$340.80 ,$385.10 ,$340.80 ,$385.10 ,,,,,
AMSPlus-3,ACDI advanced software maintenance and support - 3 Year Commercial,ACDI,Application,PaperCut,Software License,Monthly,,$0.90 ,,$0.60 ,$0.68 ,$0.60 ,$0.68 ,,,,,
MMSPlus-8,"ACDI advanced software maintenance and support, 8
months",ACDI,Application,PaperCut,Software License,Monthly,,$0.24 ,,$0.16 ,$0.18 ,$0.16 ,$0.18 ,,,,,
PCS-MFC10-5Y,"PaperCut Subscription, MFD, Comm 10-49, per device, 5
years",ACDI,Application,PaperCut,Software License,Monthly,,"$1,039.20 ",,$692.80 ,$782.86 ,$692.80 ,$782.86 ,,,,,
AMSS-PL,"ACDI Subscription Plus software maintenance and
support",ACDI,Application,PaperCut,Software License,Monthly,,$0.12 ,,$0.08 ,$0.09 ,$0.08 ,$0.09 ,,,,,
3575B793AA,"Image Processing, Type 2, 1-9 devices",Canon,Application,Uniflow,Software License,Monthly,,$20.19 ,,$14.13 ,$15.97 ,$14.13 ,$15.97 ,,,,,
PCMFC-HP,"PaperCut MFD Emb, HP, Comm, 1-9, per device",ACDI,Application,PaperCut,Software License,Monthly,,$918.00 ,,$612.00 ,$691.56 ,$612.00 ,$691.56 ,,,,,
82S0990 ,SMSA for Accuread OCR,Lexmark,License,Cloud Services,Software License,Monthly,,$416.52 ,,$277.68 ,$313.78 ,$277.68 ,$313.78 ,,,,,
82S1244,Translation Assistant for Lexmark,Lexmark,License,Cloud Services,Software License,Perpetual,,$900.00 ,,$600.00 ,$678.00 ,$600.00 ,$678.00 ,,,,,
57X9528,Intelligent Storage Drive for Lexmark,Lexmark,License,Cloud Services,Software License,Perpetual,,$410.22 ,,$273.48 ,$309.03 ,$273.48 ,$309.03 ,,,,,
